<?xml version="1.0" encoding="utf-8" ?>
<dwsync>
<file name="Login.php" server="C:/xampp/phpMyAdmin/htdocs/E-Learning/" local="132542359558264404" remote="132542359550000000" Dst="0" />
<file name="functions.php" server="C:/xampp/phpMyAdmin/htdocs/E-Learning/" local="132542369568693402" remote="132542369560000000" Dst="0" />
<file name="Register.php" server="C:/xampp/phpMyAdmin/htdocs/E-Learning/" local="132543198723000563" remote="132543198720000000" Dst="0" />
<file name="error.php" server="C:/xampp/phpMyAdmin/htdocs/E-Learning/" local="132541387800000000" remote="132541387800000000" Dst="0" />
<file name="auth_session.php" server="C:/xampp/phpMyAdmin/htdocs/E-Learning/" local="132525283091384020" remote="132525283090000000" Dst="0" />
<file name="prepros-6.config" server="C:/xampp/phpMyAdmin/htdocs/E-Learning/" local="131745580500000000" remote="131745580500000000" Dst="0" />
<file name="Logout.php" server="C:/xampp/phpMyAdmin/htdocs/E-Learning/" local="132542520096397957" remote="132542520090000000" Dst="0" />
<file name="DB.php" server="C:/xampp/phpMyAdmin/htdocs/E-Learning/" local="132543472520000000" remote="132543472520000000" Dst="0" />
<file name="functions1.php" server="C:/xampp/phpMyAdmin/htdocs/E-Learning/" local="132543403835505954" remote="132543403830000000" Dst="0" />
<file name="functions2.php" server="C:/xampp/phpMyAdmin/htdocs/E-Learning/" local="132543396898448342" remote="132543396890000000" Dst="0" />
<file name="index.html" server="C:/xampp/phpMyAdmin/htdocs/E-Learning/" local="132538285463315754" remote="132538285460000000" Dst="0" />
<file name="DB.php" server="C:/xampp/htdocs/E-Learning/" local="132543476818620808" remote="132543476810000000" Dst="0" />
<file name="functions1.php" server="C:/xampp/htdocs/E-Learning/" local="132555543875868497" remote="132555543870000000" Dst="0" />
<file name="Register.php" server="C:/xampp/htdocs/E-Learning/" local="132558126211371393" remote="132558126210000000" Dst="0" />
<file name="functions2.php" server="C:/xampp/htdocs/E-Learning/" local="132561641915497421" remote="132561641910000000" Dst="0" />
<file name="Login.php" server="C:/xampp/htdocs/E-Learning/" local="132555543064864862" remote="132555543060000000" Dst="0" />
</dwsync>