<?xml version="1.0" encoding="utf-8" ?>
<dwsync>
<file name="jquery-3.2.1.min.js" server="C:/xampp/phpMyAdmin/htdocs/E-Learning/" local="131552605000000000" remote="131552605000000000" Dst="0" />
<file name="popper.js" server="C:/xampp/phpMyAdmin/htdocs/E-Learning/" local="131575022780000000" remote="131575022780000000" Dst="0" />
<file name="bootstrap.min.js" server="C:/xampp/phpMyAdmin/htdocs/E-Learning/" local="131799184460000000" remote="131799184460000000" Dst="0" />
<file name="stellar.js" server="C:/xampp/phpMyAdmin/htdocs/E-Learning/" local="131640642480000000" remote="131640642480000000" Dst="0" />
<file name="countdown.js" server="C:/xampp/phpMyAdmin/htdocs/E-Learning/" local="131848406300000000" remote="131848406300000000" Dst="0" />
<file name="owl-carousel-thumb.min.js" server="C:/xampp/phpMyAdmin/htdocs/E-Learning/" local="131817572200000000" remote="131817572200000000" Dst="0" />
<file name="jquery.ajaxchimp.min.js" server="C:/xampp/phpMyAdmin/htdocs/E-Learning/" local="131695088440000000" remote="131695088440000000" Dst="0" />
<file name="mail-script.js" server="C:/xampp/phpMyAdmin/htdocs/E-Learning/" local="131695088500000000" remote="131695088500000000" Dst="0" />
<file name="gmaps.min.js" server="C:/xampp/phpMyAdmin/htdocs/E-Learning/" local="131076101860000000" remote="131076101860000000" Dst="0" />
<file name="theme.js" server="C:/xampp/phpMyAdmin/htdocs/E-Learning/" local="131848672360000000" remote="131848672360000000" Dst="0" />
</dwsync>